0.020000,0.000000,0.000000,0.000000,0.000000,0.000000,0.000000,0.000000,0.000000,0.000000,0.000000
0.040000,0.000000,0.000000,0.000000,0.000000,0.000000,0.000000,0.090521,0.000000,0.091458,0.000000
0.060000,0.000000,0.000199,0.000000,-0.000199,0.000000,0.000054,0.171237,0.000000,0.172957,0.000000
0.080000,0.000004,0.000890,-0.000004,-0.000893,0.000001,0.000248,0.244453,0.000000,0.246832,0.000000
0.100000,0.000022,0.002249,-0.000022,-0.002269,0.000006,0.000644,0.311938,0.000000,0.314873,0.000000
0.120000,0.000067,0.004373,-0.000067,-0.004448,0.000019,0.001288,0.374982,0.000000,0.378387,0.000000
0.140000,0.000154,0.007307,-0.000156,-0.007511,0.000045,0.002219,0.434524,0.000000,0.438319,0.000000
0.160000,0.000300,0.011054,-0.000306,-0.011508,0.000089,0.003468,0.491233,0.000000,0.495348,0.000000
0.180000,0.000521,0.015581,-0.000537,-0.016467,0.000158,0.005063,0.545578,0.000000,0.549948,0.000000
0.200000,0.000833,0.020830,-0.000866,-0.022395,0.000260,0.007030,0.597869,0.000000,0.602432,0.000000
0.220000,0.001250,0.026714,-0.001314,-0.029283,0.000400,0.009392,0.648297,0.000000,0.652992,0.000000
0.240000,0.001784,0.033123,-0.001899,-0.037099,0.000588,0.012168,0.696955,0.000000,0.701726,0.000000
0.260000,0.002446,0.039925,-0.002641,-0.045796,0.000832,0.015375,0.743865,0.000000,0.748655,0.000000
0.280000,0.003245,0.046969,-0.003557,-0.055305,0.001139,0.019027,0.788991,0.000050,0.793746,0.000000
0.300000,0.004184,0.054085,-0.004663,-0.065537,0.001520,0.023133,0.831192,0.006950,0.834996,0.000201
0.320000,0.005266,0.059464,-0.005974,-0.074617,0.001982,0.027684,0.864954,0.019038,0.867997,0.006795
0.340000,0.006455,0.063558,-0.007467,-0.082361,0.002536,0.032605,0.891963,0.034946,0.894398,0.018176
0.360000,0.007726,0.066953,-0.009114,-0.088514,0.003188,0.037831,0.913571,0.053567,0.915518,0.033046
0.380000,0.009066,0.070252,-0.010884,-0.092830,0.003945,0.043302,0.930856,0.074063,0.932415,0.050415
0.400000,0.010471,0.074014,-0.012741,-0.095110,0.004811,0.048967,0.944685,0.095805,0.945932,0.069537
0.420000,0.011951,0.078731,-0.014643,-0.095213,0.005790,0.054781,0.955748,0.118321,0.956745,0.089852
0.440000,0.013525,0.084818,-0.016547,-0.093054,0.006886,0.060704,0.964598,0.141261,0.965396,0.110938
0.460000,0.015222,0.092614,-0.018408,-0.088599,0.008100,0.066704,0.971679,0.164362,0.972317,0.132481
0.480000,0.017074,0.102386,-0.020180,-0.081853,0.009434,0.072753,0.977343,0.187425,0.977854,0.154241
0.500000,0.019122,0.114335,-0.021817,-0.072860,0.010889,0.078826,0.981874,0.210299,0.982283,0.176039
0.520000,0.021409,0.128605,-0.023274,-0.061689,0.012465,0.084904,0.985500,0.232867,0.985826,0.197735
0.540000,0.023981,0.145281,-0.024508,-0.048436,0.014163,0.090968,0.988400,0.255037,0.988661,0.219220
0.560000,0.026886,0.164402,-0.025477,-0.033220,0.015983,0.097005,0.990720,0.276731,0.990929,0.240405
0.580000,0.030174,0.185958,-0.026141,-0.016174,0.017923,0.103002,0.992576,0.297887,0.992743,0.261218
0.600000,0.033893,0.209898,-0.026465,0.002548,0.019983,0.108948,0.994061,0.318449,0.994194,0.281596
0.620000,0.038091,0.236133,-0.026414,0.022780,0.022162,0.114836,0.995248,0.338367,0.995356,0.301484
0.640000,0.042814,0.264539,-0.025958,0.044339,0.024459,0.120658,0.996199,0.357596,0.996284,0.320832
0.660000,0.048105,0.294958,-0.025071,0.067033,0.026872,0.126409,0.996959,0.376095,0.997028,0.339595
0.680000,0.054004,0.327203,-0.023731,0.090657,0.029400,0.132085,0.997567,0.393825,0.997622,0.357731
0.700000,0.060548,0.361063,-0.021918,0.114995,0.032042,0.137682,0.998054,0.410748,0.998098,0.375198
0.720000,0.067769,0.396306,-0.019618,0.139824,0.034795,0.143199,0.998443,0.426831,0.998478,0.391958
0.740000,0.075695,0.432678,-0.016821,0.164915,0.037659,0.148635,0.998754,0.442043,0.998782,0.407978
0.760000,0.084349,0.469914,-0.013523,0.190031,0.040632,0.153990,0.999004,0.456357,0.999026,0.423222
0.780000,0.093747,0.507738,-0.009722,0.214937,0.043712,0.159264,0.999203,0.469747,0.999221,0.437662
0.800000,0.103902,0.545867,-0.005424,0.239393,0.046897,0.164459,0.999362,0.482193,0.999377,0.451272
0.820000,0.114819,0.584017,-0.000636,0.263164,0.050186,0.169578,0.999490,0.493679,0.999501,0.464027
0.840000,0.126500,0.621906,0.004628,0.286018,0.053578,0.174623,0.999592,0.504195,0.999601,0.475911
0.860000,0.138938,0.659258,0.010348,0.307732,0.057070,0.179599,0.999673,0.513733,0.999681,0.486909
0.880000,0.152123,0.695805,0.016503,0.328090,0.060662,0.184509,0.999739,0.522293,0.999745,0.497011
0.900000,0.166039,0.731293,0.023064,0.346889,0.064352,0.189358,0.999791,0.529881,0.999796,0.506215
0.920000,0.180665,0.765485,0.030002,0.363943,0.068140,0.194152,0.999833,0.536507,0.999837,0.514523
0.940000,0.195975,0.798161,0.037281,0.379078,0.072023,0.198895,0.999866,0.542189,0.999869,0.521942
0.960000,0.211938,0.829122,0.044863,0.392142,0.076001,0.203594,0.999893,0.546950,0.999895,0.528486
0.980000,0.228520,0.858192,0.052705,0.403001,0.080072,0.208253,0.999914,0.550820,0.999916,0.534176
1.000000,0.245684,0.885216,0.060765,0.411544,0.084237,0.212878,0.999932,0.553833,0.999933,0.539037
1.020000,0.263389,0.910066,0.068996,0.417680,0.088495,0.217476,0.999945,0.556032,0.999946,0.543101
1.040000,0.281590,0.932634,0.077350,0.421342,0.092845,0.222052,0.999956,0.557461,0.999957,0.546405
1.060000,0.300243,0.952838,0.085777,0.422485,0.097286,0.226611,0.999965,0.558174,0.999966,0.548992
1.080000,0.319299,0.970618,0.094226,0.421086,0.101818,0.231158,0.999972,0.558224,0.999973,0.550908
1.100000,0.338712,0.985935,0.102648,0.417143,0.106441,0.235698,0.999978,0.557672,0.999978,0.552206
1.120000,0.358430,0.998768,0.110991,0.410675,0.111155,0.240235,0.999982,0.556580,0.999982,0.552939
1.140000,0.378406,1.009116,0.119204,0.401721,0.115960,0.244774,0.999986,0.555013,0.999986,0.553168
1.160000,0.398588,1.016993,0.127239,0.390337,0.120855,0.249318,0.999989,0.553039,0.999989,0.552951
1.180000,0.418928,1.022426,0.135046,0.376593,0.125841,0.253869,0.999991,0.550726,0.999991,0.552353
1.200000,0.439376,1.025456,0.142577,0.360574,0.130919,0.258431,0.999993,0.548143,0.999993,0.551436
1.220000,0.459886,1.026131,0.149789,0.342379,0.136087,0.263006,0.999994,0.545357,0.999994,0.550264
1.240000,0.480408,1.024508,0.156637,0.322114,0.141348,0.267596,0.999995,0.542437,0.999995,0.548902
1.260000,0.500898,1.020651,0.163079,0.299893,0.146699,0.272200,0.999996,0.539450,0.999996,0.547412
1.280000,0.521311,1.014627,0.169077,0.275837,0.152143,0.276820,0.999997,0.536460,0.999997,0.545856
1.300000,0.541604,1.006506,0.174593,0.250070,0.157680,0.281457,0.999998,0.533529,0.999998,0.544294
1.320000,0.561734,0.996360,0.179595,0.222720,0.163309,0.286109,0.999998,0.530716,0.999998,0.542785
1.340000,0.581661,0.984263,0.184049,0.193914,0.169031,0.290777,0.999998,0.528079,0.999998,0.541381
1.360000,0.601346,0.970286,0.187928,0.163780,0.174847,0.295459,0.999999,0.525670,0.999999,0.540136
1.380000,0.620752,0.954502,0.191203,0.132442,0.180756,0.300153,0.999999,0.523538,0.999999,0.539099
1.400000,0.639842,0.936981,0.193852,0.100023,0.186759,0.304859,0.999999,0.521730,0.999999,0.538314
1.420000,0.658582,0.917792,0.195852,0.066642,0.192856,0.309573,0.999999,0.520287,0.999999,0.537823
1.440000,0.676938,0.897003,0.197185,0.032414,0.199048,0.314295,0.999999,0.519247,1.000000,0.537664
1.460000,0.694878,0.874681,0.197834,-0.002553,0.205334,0.319020,1.000000,0.518643,1.000000,0.537871
1.480000,0.712371,0.850891,0.197782,-0.038154,0.211714,0.323747,1.000000,0.518507,1.000000,0.538474
1.500000,0.729389,0.825697,0.197019,-0.074289,0.218189,0.328472,1.000000,0.518863,1.000000,0.539500
1.520000,0.745903,0.799162,0.195534,-0.110866,0.224758,0.333192,1.000000,0.519735,1.000000,0.540972
1.540000,0.761886,0.771351,0.193316,-0.147796,0.231422,0.337904,1.000000,0.521140,0.999270,0.542909
1.560000,0.777313,0.740621,0.190360,-0.183279,0.238180,0.342599,1.000000,0.523094,0.996557,0.545326
1.580000,0.792126,0.702443,0.186695,-0.212565,0.245032,0.347261,1.000000,0.525607,0.992335,0.548235
1.600000,0.806175,0.653485,0.182444,-0.231995,0.251977,0.351877,1.000000,0.528691,0.986992,0.551647
1.620000,0.819244,0.591398,0.177804,-0.238832,0.259015,0.356435,1.000000,0.532360,0.980872,0.555579
1.640000,0.831072,0.514684,0.173027,-0.231160,0.266144,0.360927,1.000000,0.536631,0.974273,0.560049
1.660000,0.841366,0.422564,0.168404,-0.207784,0.273362,0.365345,0.999055,0.541518,0.967448,0.565074
1.680000,0.849817,0.317064,0.164248,-0.170324,0.280669,0.369678,0.996819,0.547028,0.960610,0.570664
1.700000,0.856159,0.201453,0.160842,-0.121747,0.288063,0.373912,0.993591,0.553161,0.953933,0.576823
1.720000,0.860188,0.078614,0.158407,-0.064764,0.295541,0.378038,0.989613,0.559908,0.947549,0.583548
1.740000,0.861760,-0.048917,0.157111,-0.001852,0.303102,0.382048,0.985084,0.567256,0.941549,0.590830
1.760000,0.860782,-0.178943,0.157074,0.064757,0.310743,0.385936,0.980163,0.575179,0.935992,0.598646
1.780000,0.857203,-0.309575,0.158369,0.133066,0.318461,0.389699,0.974972,0.583639,0.930898,0.606965
1.800000,0.851011,-0.439212,0.161031,0.201311,0.326255,0.393332,0.969599,0.592585,0.926261,0.615737
1.820000,0.842227,-0.566509,0.165057,0.267954,0.334122,0.396832,0.964099,0.601955,0.922047,0.624903
1.840000,0.830897,-0.690347,0.170416,0.331666,0.342059,0.400199,0.958499,0.611674,0.918201,0.634388
1.860000,0.817090,-0.809812,0.177049,0.391319,0.350063,0.403429,0.952803,0.621657,0.914649,0.644107
1.880000,0.800894,-0.924159,0.184876,0.445974,0.358131,0.406521,0.946993,0.631809,0.911300,0.653966
1.900000,0.782410,-1.032799,0.193795,0.494864,0.366262,0.409473,0.941035,0.642030,0.908056,0.663863
1.920000,0.761754,-1.135271,0.203693,0.537389,0.374451,0.412283,0.934881,0.652215,0.904808,0.673689
1.940000,0.739049,-1.231226,0.214440,0.573099,0.382697,0.414950,0.928474,0.662256,0.901444,0.683337
1.960000,0.714424,-1.320416,0.225902,0.601690,0.390996,0.417471,0.921751,0.672046,0.897852,0.692695
1.980000,0.688016,-1.402674,0.237936,0.622988,0.399345,0.419846,0.914645,0.681482,0.893922,0.701657
2.000000,0.659963,-1.477910,0.250396,0.636941,0.407742,0.422072,0.907091,0.690465,0.889550,0.710123
2.020000,0.630404,-1.546094,0.263135,0.643612,0.416183,0.424148,0.899029,0.698903,0.884639,0.717999
2.040000,0.599483,-1.607259,0.276007,0.643165,0.424666,0.426072,0.890403,0.706717,0.879106,0.725203
2.060000,0.567337,-1.661484,0.288870,0.635856,0.433188,0.427843,0.881171,0.713839,0.872880,0.731666
2.080000,0.534108,-1.708893,0.301587,0.622022,0.441745,0.429461,0.871298,0.720217,0.865907,0.737336
2.100000,0.499930,-1.749650,0.314028,0.602069,0.450334,0.430925,0.860765,0.725813,0.858149,0.742174
2.120000,0.464937,-1.783953,0.326069,0.576460,0.458952,0.432235,0.849570,0.730607,0.849588,0.746162
2.140000,0.429258,-1.812029,0.337598,0.545703,0.467597,0.433393,0.837724,0.734599,0.840223,0.749300
2.160000,0.393017,-1.834127,0.348512,0.510340,0.476265,0.434398,0.825254,0.737804,0.830074,0.751606
2.180000,0.356335,-1.850517,0.358719,0.470931,0.484953,0.435253,0.812204,0.740257,0.819179,0.753117
2.200000,0.319324,-1.861482,0.368138,0.428046,0.493658,0.435960,0.798632,0.742007,0.807591,0.753885
2.220000,0.282095,-1.867314,0.376699,0.382254,0.502377,0.436521,0.784608,0.743118,0.795382,0.753980
2.240000,0.244748,-1.868311,0.384344,0.334112,0.511108,0.436939,0.770214,0.743669,0.782632,0.753482
2.260000,0.207382,-1.864769,0.391026,0.284155,0.519846,0.437217,0.755540,0.743747,0.769437,0.752485
2.280000,0.170087,-1.856980,0.396709,0.232895,0.528591,0.437360,0.740684,0.743447,0.755897,0.751088
2.300000,0.132947,-1.845227,0.401367,0.180807,0.537338,0.437370,0.725745,0.742870,0.742118,0.749396
2.320000,0.096043,-1.829782,0.404983,0.128333,0.546085,0.437252,0.710826,0.742119,0.728209,0.747519
2.340000,0.059447,-1.810905,0.407550,0.075874,0.554830,0.437010,0.696027,0.741297,0.714277,0.745564
2.360000,0.023229,-1.788836,0.409067,0.023792,0.563571,0.436647,0.681444,0.740503,0.700427,0.743635
2.380000,-0.012548,-1.763799,0.409543,-0.027591,0.572304,0.436167,0.667169,0.739833,0.686759,0.741835
2.400000,-0.047824,-1.736002,0.408991,-0.077992,0.581027,0.435574,0.653287,0.739376,0.673366,0.740255
2.420000,-0.082544,-1.705630,0.407432,-0.127164,0.589738,0.434871,0.639874,0.739214,0.660333,0.738982
2.440000,-0.116656,-1.672855,0.404888,-0.174893,0.598436,0.434061,0.626997,0.739417,0.647734,0.738093
2.460000,-0.150114,-1.637827,0.401390,-0.220999,0.607117,0.433146,0.614713,0.740050,0.635635,0.737655
2.480000,-0.182870,-1.600685,0.396970,-0.265327,0.615780,0.432130,0.603070,0.741163,0.624092,0.737723
2.500000,-0.214884,-1.561550,0.391664,-0.307748,0.624422,0.431015,0.592105,0.742801,0.613149,0.738345
2.520000,-0.246115,-1.520532,0.385509,-0.348154,0.633043,0.429800,0.581847,0.744994,0.602842,0.739555
2.540000,-0.276525,-1.477732,0.378546,-0.386457,0.641639,0.428489,0.572314,0.747767,0.593194,0.741381
2.560000,-0.306080,-1.433240,0.370817,-0.422584,0.650209,0.427081,0.563517,0.751132,0.584223,0.743840
2.580000,-0.334745,-1.387142,0.362365,-0.456477,0.658750,0.425578,0.555457,0.755095,0.575937,0.746939
2.600000,-0.362488,-1.339519,0.353236,-0.488088,0.667262,0.423978,0.548131,0.759653,0.568335,0.750678
2.620000,-0.389278,-1.290451,0.343474,-0.517382,0.675741,0.422283,0.541527,0.764798,0.561411,0.755052
2.640000,-0.415087,-1.240017,0.333126,-0.544332,0.684187,0.420491,0.535629,0.770512,0.555154,0.760047
2.660000,-0.439887,-1.188298,0.322239,-0.568920,0.692597,0.418601,0.530415,0.776775,0.549544,0.765643
2.680000,-0.463653,-1.135377,0.310861,-0.591136,0.700969,0.416614,0.525858,0.783561,0.544560,0.771817
2.700000,-0.486361,-1.081344,0.299038,-0.610976,0.709301,0.414527,0.521931,0.790839,0.540176,0.778541
2.720000,-0.507988,-1.026292,0.286819,-0.628447,0.717592,0.412339,0.518600,0.798575,0.536363,0.785782
2.740000,-0.528514,-0.970323,0.274250,-0.643559,0.725838,0.410049,0.515830,0.806734,0.533090,0.793505
2.760000,-0.547920,-0.913546,0.261379,-0.656334,0.734039,0.407655,0.513585,0.815275,0.530321,0.801673
2.780000,-0.566191,-0.856076,0.248252,-0.666799,0.742192,0.405155,0.511827,0.824158,0.528022,0.810246
2.800000,-0.583313,-0.798038,0.234916,-0.674992,0.750296,0.402549,0.510515,0.833340,0.526156,0.819181
2.820000,-0.599273,-0.739565,0.221416,-0.680959,0.758347,0.399834,0.509608,0.842776,0.524684,0.828436
2.840000,-0.614065,-0.680797,0.207797,-0.684752,0.766343,0.397010,0.509066,0.852422,0.523567,0.837965
2.860000,-0.627681,-0.621880,0.194102,-0.686438,0.774283,0.394074,0.508845,0.862233,0.522766,0.847724
2.880000,-0.640118,-0.562969,0.180373,-0.686089,0.782165,0.391025,0.508903,0.872162,0.522241,0.857665
2.900000,-0.651378,-0.504223,0.166651,-0.683789,0.789985,0.387863,0.509196,0.882163,0.521951,0.867741
2.920000,-0.661462,-0.445805,0.152976,-0.679631,0.797743,0.384586,0.509682,0.892190,0.521855,0.877906
2.940000,-0.670378,-0.387883,0.139383,-0.673716,0.805434,0.381194,0.510316,0.902195,0.521912,0.888110
2.960000,-0.678136,-0.330624,0.125909,-0.666156,0.813058,0.377687,0.511054,0.912132,0.522081,0.898306
2.980000,-0.684748,-0.274195,0.112586,-0.657070,0.820612,0.374063,0.511853,0.921957,0.522321,0.908444
3.000000,-0.690232,-0.218764,0.099444,-0.646586,0.828093,0.370324,0.512670,0.931622,0.522591,0.918478
3.020000,-0.694607,-0.164490,0.086513,-0.634838,0.835500,0.366470,0.513460,0.941083,0.522849,0.928359
3.040000,-0.697897,-0.111530,0.073816,-0.621965,0.842829,0.362501,0.514181,0.950297,0.523055,0.938039
3.060000,-0.700128,-0.060033,0.061376,-0.608112,0.850079,0.358420,0.514789,0.959219,0.523169,0.947472
3.080000,-0.701328,-0.010138,0.049214,-0.593427,0.857248,0.354226,0.515244,0.967375,0.523151,0.956612
3.100000,-0.701531,0.037042,0.037346,-0.579038,0.864332,0.349926,0.515505,0.973900,0.522962,0.965289
3.120000,-0.700790,0.078795,0.025765,-0.567724,0.871331,0.345529,0.515531,0.979120,0.522564,0.972232
3.140000,-0.699215,0.116066,0.014410,-0.558735,0.878241,0.341054,0.515287,0.983296,0.521923,0.977785
3.160000,-0.696893,0.149639,0.003236,-0.551469,0.885062,0.336513,0.514746,0.986637,0.521014,0.982228
3.180000,-0.693900,0.180160,-0.007794,-0.545442,0.891793,0.331917,0.513893,0.989310,0.519821,0.985783
3.200000,-0.690297,0.208162,-0.018702,-0.540270,0.898431,0.327274,0.512720,0.991448,0.518338,0.988626
3.220000,-0.686134,0.234081,-0.029508,-0.535650,0.904976,0.322590,0.511229,0.993158,0.516565,0.990901
3.240000,-0.681452,0.258274,-0.040221,-0.531346,0.911428,0.317869,0.509424,0.994527,0.514506,0.992721
3.260000,-0.676287,0.281032,-0.050848,-0.527170,0.917786,0.313114,0.507309,0.995621,0.512165,0.994177
3.280000,-0.670666,0.302594,-0.061391,-0.522980,0.924048,0.308327,0.504895,0.996497,0.509549,0.995341
3.300000,-0.664614,0.323155,-0.071851,-0.518664,0.930214,0.303511,0.502189,0.997198,0.506666,0.996273
3.320000,-0.658151,0.342874,-0.082224,-0.514139,0.936285,0.298665,0.499200,0.997758,0.503524,0.997018
3.340000,-0.651294,0.361880,-0.092507,-0.509339,0.942258,0.293790,0.495938,0.998206,0.500130,0.997615
3.360000,-0.644056,0.380280,-0.102694,-0.504219,0.948134,0.288887,0.492411,0.998565,0.496492,0.998092
3.380000,-0.636451,0.398160,-0.112778,-0.498741,0.953911,0.283955,0.488628,0.998852,0.492618,0.998473
3.400000,-0.628487,0.415591,-0.122753,-0.492880,0.959590,0.278994,0.484596,0.999082,0.488513,0.998779
3.420000,-0.620176,0.432630,-0.132610,-0.486618,0.965170,0.274003,0.480324,0.999265,0.484185,0.999023
3.440000,-0.611523,0.449324,-0.142343,-0.479941,0.970650,0.268983,0.475818,0.999412,0.479640,0.999218
3.460000,-0.602536,0.465710,-0.151942,-0.472840,0.976030,0.263931,0.471085,0.999530,0.474883,0.999375
3.480000,-0.593222,0.481816,-0.161398,-0.465310,0.981309,0.258848,0.466133,0.999624,0.469921,0.999500
3.500000,-0.583586,0.497668,-0.170705,-0.457346,0.986486,0.253733,0.460967,0.999699,0.464757,0.999600
3.520000,-0.573633,0.513282,-0.179852,-0.448945,0.991560,0.248586,0.455592,0.999759,0.459399,0.999680
3.540000,-0.563367,0.528673,-0.188830,-0.440106,0.996532,0.243405,0.450016,0.999807,0.453851,0.999744
3.560000,-0.552793,0.543848,-0.197633,-0.430828,1.001400,0.238190,0.444244,0.999846,0.448117,0.999795
3.580000,-0.541917,0.558814,-0.206249,-0.421110,1.006164,0.232941,0.438281,0.999877,0.442203,0.999836
3.600000,-0.530740,0.573574,-0.214671,-0.410951,1.010823,0.227656,0.432134,0.999901,0.436114,0.999869
3.620000,-0.519269,0.588128,-0.222890,-0.400351,1.015376,0.222337,0.425807,0.999921,0.429855,0.999895
3.640000,-0.507506,0.602473,-0.230897,-0.389308,1.019823,0.216981,0.419306,0.999937,0.423431,0.999916
3.660000,-0.495457,0.616604,-0.238684,-0.377823,1.024162,0.211589,0.412636,0.999950,0.416847,0.999933
3.680000,-0.483125,0.630516,-0.246240,-0.365892,1.028394,0.206161,0.405804,0.999960,0.410107,0.999946
3.700000,-0.470514,0.644200,-0.253558,-0.353516,1.032517,0.200696,0.398814,0.999968,0.403218,0.999957
3.720000,-0.457630,0.657646,-0.260628,-0.340693,1.036531,0.195194,0.391672,0.999974,0.396184,0.999966
3.740000,-0.444477,0.670843,-0.267442,-0.327421,1.040435,0.189655,0.384383,0.999979,0.389011,0.999972
3.760000,-0.431061,0.683777,-0.273990,-0.313698,1.044228,0.184079,0.376953,0.999983,0.381703,0.999978
3.780000,-0.417385,0.696434,-0.280264,-0.299524,1.047910,0.178466,0.369388,0.999987,0.374267,0.999982
3.800000,-0.403456,0.708798,-0.286255,-0.284897,1.051479,0.172815,0.361692,0.999989,0.366707,0.999986
3.820000,-0.389280,0.720854,-0.291953,-0.269815,1.054935,0.167128,0.353871,0.999992,0.359028,0.999989
3.840000,-0.374863,0.732582,-0.297349,-0.254279,1.058278,0.161405,0.345931,0.999993,0.351237,0.999991
3.860000,-0.360212,0.743964,-0.302435,-0.238287,1.061506,0.155645,0.337876,0.999995,0.343339,0.999993
3.880000,-0.345332,0.754981,-0.307200,-0.221839,1.064619,0.149848,0.329713,0.999996,0.335338,0.999994
3.900000,-0.330233,0.765610,-0.311637,-0.204936,1.067616,0.144017,0.321445,0.999997,0.327240,0.999995
3.920000,-0.314921,0.775831,-0.315736,-0.187579,1.070496,0.138149,0.313079,0.999997,0.319051,0.999996
3.940000,-0.299404,0.785620,-0.319487,-0.169769,1.073259,0.132248,0.304619,0.999998,0.310775,0.999997
3.960000,-0.283692,0.794955,-0.322883,-0.151509,1.075904,0.126312,0.296070,0.999276,0.302417,0.999598
3.980000,-0.267792,0.803052,-0.325913,-0.133573,1.078430,0.120349,0.287437,0.997605,0.293983,0.998267
4.000000,-0.251731,0.809868,-0.328584,-0.116055,1.080837,0.114373,0.278724,0.995138,0.285478,0.996157
4.020000,-0.235534,0.815367,-0.330906,-0.099044,1.083125,0.108395,0.269944,0.992010,0.276912,0.993397
4.040000,-0.219227,0.819531,-0.332886,-0.082611,1.085293,0.102424,0.261117,0.988346,0.268309,0.990108
4.060000,-0.202836,0.822359,-0.334539,-0.066814,1.087341,0.096467,0.252275,0.984262,0.259698,0.986401
4.080000,-0.186389,0.823864,-0.335875,-0.051695,1.089271,0.090531,0.243451,0.979867,0.251113,0.982380
4.100000,-0.169912,0.824074,-0.336909,-0.037286,1.091081,0.084620,0.234683,0.975259,0.242592,0.978139
4.120000,-0.153430,0.823024,-0.337655,-0.023605,1.092774,0.078738,0.226010,0.970526,0.234172,0.973765
4.140000,-0.136970,0.820760,-0.338127,-0.010663,1.094348,0.072889,0.217470,0.965749,0.225890,0.969334
4.160000,-0.120555,0.817334,-0.338340,0.001538,1.095806,0.067073,0.209100,0.961000,0.217785,0.964916
4.180000,-0.104208,0.812803,-0.338309,0.013005,1.097148,0.061292,0.200935,0.956343,0.209888,0.960574
4.200000,-0.087952,0.807227,-0.338049,0.023745,1.098373,0.055545,0.193009,0.951834,0.202233,0.956361
4.220000,-0.071807,0.800671,-0.337574,0.033776,1.099484,0.049832,0.185349,0.947520,0.194847,0.952324
4.240000,-0.055794,0.793198,-0.336899,0.043114,1.100481,0.044153,0.177982,0.943442,0.187754,0.948503
4.260000,-0.039930,0.784875,-0.336036,0.051779,1.101364,0.038504,0.170930,0.939634,0.180977,0.944930
4.280000,-0.024232,0.775767,-0.335001,0.059794,1.102134,0.032886,0.164212,0.936123,0.174533,0.941633
4.300000,-0.008717,0.765938,-0.333805,0.067180,1.102792,0.027294,0.157844,0.932929,0.168436,0.938632
4.320000,0.006602,0.755453,-0.332461,0.073961,1.103338,0.021727,0.151837,0.930069,0.162698,0.935945
4.340000,0.021711,0.744374,-0.330982,0.080159,1.103772,0.016181,0.146201,0.927553,0.157326,0.933580
4.360000,0.036598,0.732762,-0.329379,0.085796,1.104096,0.010654,0.140942,0.925388,0.152325,0.931545
4.380000,0.051254,0.720675,-0.327663,0.090895,1.104309,0.005143,0.136062,0.923574,0.147698,0.929843
4.400000,0.065667,0.708171,-0.325845,0.095476,1.104412,-0.000356,0.131564,0.922111,0.143444,0.928472
4.420000,0.079830,0.695304,-0.323936,0.099560,1.104405,-0.005846,0.127445,0.920993,0.139561,0.927428
4.440000,0.093737,0.682127,-0.321944,0.103164,1.104288,-0.011329,0.123702,0.920212,0.136045,0.926704
4.460000,0.107379,0.668692,-0.319881,0.106308,1.104061,-0.016810,0.120331,0.919759,0.132888,0.926292
4.480000,0.120753,0.655045,-0.317755,0.109009,1.103725,-0.022291,0.117324,0.919621,0.130085,0.926178
4.500000,0.133854,0.641235,-0.315575,0.111282,1.103279,-0.027776,0.114673,0.919783,0.127625,0.926351
4.520000,0.146678,0.627305,-0.313349,0.113143,1.102724,-0.033266,0.112371,0.920230,0.125498,0.926795
4.540000,0.159225,0.613297,-0.311086,0.114607,1.102058,-0.038766,0.110406,0.920947,0.123694,0.927496
4.560000,0.171491,0.599251,-0.308794,0.115688,1.101283,-0.044276,0.108768,0.921914,0.122201,0.928436
4.580000,0.183476,0.585204,-0.306480,0.116400,1.100397,-0.049801,0.107446,0.923114,0.121007,0.929599
4.600000,0.195180,0.571193,-0.304152,0.116755,1.099401,-0.055342,0.106428,0.924529,0.120099,0.930966
4.620000,0.206603,0.557250,-0.301817,0.116766,1.098295,-0.060901,0.105703,0.926139,0.119465,0.932520
4.640000,0.217748,0.543405,-0.299482,0.116446,1.097077,-0.066481,0.105258,0.927925,0.119091,0.934243
4.660000,0.228617,0.529689,-0.297153,0.115806,1.095747,-0.072083,0.105082,0.929869,0.118964,0.936117
4.680000,0.239210,0.516125,-0.294837,0.114858,1.094305,-0.077708,0.105161,0.931952,0.119071,0.938123
4.700000,0.249533,0.502739,-0.292540,0.113614,1.092751,-0.083358,0.105484,0.934155,0.119400,0.940245
4.720000,0.259588,0.489550,-0.290267,0.112085,1.091084,-0.089034,0.106040,0.936460,0.119938,0.942466
4.740000,0.269379,0.476579,-0.288026,0.110282,1.089303,-0.094737,0.106816,0.938851,0.120672,0.944768
4.760000,0.278910,0.463840,-0.285820,0.108217,1.087409,-0.100468,0.107802,0.941309,0.121591,0.947136
4.780000,0.288187,0.451348,-0.283656,0.105900,1.085399,-0.106228,0.108987,0.943820,0.122683,0.949554
4.800000,0.297214,0.439112,-0.281538,0.103342,1.083275,-0.112016,0.110359,0.946367,0.123937,0.952008
4.820000,0.305996,0.427142,-0.279471,0.100555,1.081034,-0.117833,0.111909,0.948936,0.125342,0.954484
4.840000,0.314539,0.415443,-0.277460,0.097549,1.078678,-0.123680,0.113628,0.951512,0.126888,0.956968
4.860000,0.322848,0.404018,-0.275509,0.094334,1.076204,-0.129555,0.115507,0.954084,0.128566,0.959448
4.880000,0.330928,0.392868,-0.273622,0.090922,1.073613,-0.135460,0.117536,0.956639,0.130367,0.961912
4.900000,0.338786,0.381990,-0.271804,0.087321,1.070904,-0.141392,0.119708,0.959165,0.132283,0.964351
4.920000,0.346425,0.371381,-0.270057,0.083544,1.068076,-0.147353,0.122016,0.961652,0.134305,0.966753
4.940000,0.353853,0.361033,-0.268386,0.079599,1.065129,-0.153341,0.124453,0.964092,0.136427,0.969111
4.960000,0.361074,0.350937,-0.266794,0.075498,1.062062,-0.159356,0.127012,0.966474,0.138643,0.971415
4.980000,0.368093,0.341082,-0.265284,0.071249,1.058875,-0.165396,0.129687,0.968793,0.140946,0.973659
5.000000,0.374914,0.331454,-0.263859,0.066863,1.055567,-0.171461,0.132475,0.971040,0.143331,0.975836
5.020000,0.381543,0.322039,-0.262522,0.062350,1.052138,-0.177549,0.135369,0.973211,0.145795,0.977941
5.040000,0.387984,0.312819,-0.261275,0.057719,1.048587,-0.183660,0.138366,0.975300,0.148332,0.979968
5.060000,0.394240,0.303774,-0.260121,0.052981,1.044914,-0.189792,0.141462,0.977302,0.150940,0.981914
5.080000,0.400316,0.294885,-0.259061,0.048146,1.041118,-0.195944,0.144654,0.979215,0.153615,0.983775
5.100000,0.406214,0.286129,-0.258098,0.043223,1.037199,-0.202115,0.147940,0.981036,0.156356,0.985548
5.120000,0.411936,0.277484,-0.257234,0.038223,1.033157,-0.208303,0.151317,0.982763,0.159161,0.987232
5.140000,0.417486,0.268923,-0.256469,0.033158,1.028990,-0.214506,0.154784,0.984393,0.162028,0.988824
5.160000,0.422864,0.260423,-0.255806,0.028037,1.024700,-0.220724,0.158338,0.985927,0.164957,0.990324
5.180000,0.428073,0.251956,-0.255246,0.022872,1.020286,-0.226955,0.161980,0.987365,0.167947,0.991732
5.200000,0.433112,0.243495,-0.254788,0.017676,1.015747,-0.233197,0.165708,0.988706,0.170998,0.993047
5.220000,0.437982,0.235013,-0.254435,0.012460,1.011083,-0.239449,0.169521,0.989951,0.174110,0.994270
5.240000,0.442682,0.226481,-0.254185,0.007238,1.006294,-0.245710,0.173420,0.991101,0.177283,0.995402
5.260000,0.447212,0.217871,-0.254041,0.002023,1.001380,-0.251977,0.177403,0.992158,0.180520,0.996322
5.280000,0.451569,0.209436,-0.254000,-0.002886,0.996340,-0.258248,0.181472,0.993123,0.183820,0.997057
5.300000,0.455758,0.201362,-0.254058,-0.007247,0.991175,-0.264522,0.185627,0.993998,0.187185,0.997646
5.320000,0.459785,0.193745,-0.254203,-0.010888,0.985885,-0.270797,0.189867,0.994786,0.190616,0.998117
5.340000,0.463660,0.186613,-0.254421,-0.013703,0.980469,-0.277070,0.194194,0.995488,0.194116,0.998493
5.360000,0.467392,0.179939,-0.254695,-0.015631,0.974927,-0.283341,0.198611,0.996106,0.197689,0.998795
5.380000,0.470991,0.173658,-0.255007,-0.016654,0.969261,-0.289607,0.203117,0.996642,0.201336,0.999036
5.400000,0.474464,0.167673,-0.255340,-0.016784,0.963468,-0.295867,0.207714,0.997100,0.205061,0.999229
5.420000,0.477818,0.161865,-0.255676,-0.016060,0.957551,-0.302121,0.212403,0.997480,0.208866,0.999383
5.440000,0.481055,0.156098,-0.255997,-0.014540,0.951509,-0.308366,0.217183,0.997785,0.212754,0.999506
5.460000,0.484177,0.150227,-0.256288,-0.012302,0.945341,-0.314603,0.222055,0.998018,0.216725,0.999605
5.480000,0.487181,0.144099,-0.256534,-0.009435,0.939049,-0.320828,0.227018,0.998179,0.220783,0.999684
5.500000,0.490063,0.137556,-0.256723,-0.006041,0.932633,-0.327043,0.232071,0.998271,0.224928,0.999747
5.520000,0.492815,0.130441,-0.256844,-0.002229,0.926092,-0.333244,0.237213,0.998296,0.229160,0.999798
5.540000,0.495423,0.122594,-0.256888,0.001881,0.919427,-0.339432,0.242440,0.998254,0.233481,0.999838
5.560000,0.497875,0.113860,-0.256851,0.006166,0.912638,-0.345605,0.247751,0.998147,0.237889,0.999871
5.580000,0.500152,0.104083,-0.256727,0.010495,0.905726,-0.351762,0.253142,0.997976,0.242384,0.999896
5.600000,0.502234,0.093112,-0.256517,0.014731,0.898691,-0.357903,0.258610,0.997742,0.246964,0.999917
5.620000,0.504096,0.080797,-0.256223,0.018733,0.891533,-0.364025,0.264150,0.997444,0.251627,0.999934
5.640000,0.505712,0.066991,-0.255848,0.022354,0.884252,-0.370129,0.269757,0.997081,0.256371,0.999947
5.660000,0.507052,0.051549,-0.255401,0.025440,0.876850,-0.376212,0.275426,0.996654,0.261191,0.999958
5.680000,0.508083,0.034325,-0.254892,0.027831,0.869326,-0.382274,0.281150,0.996161,0.266083,0.999966
5.700000,0.508770,0.015177,-0.254335,0.029360,0.861680,-0.388315,0.286923,0.995599,0.271043,0.999973
5.720000,0.509073,-0.006040,-0.253748,0.029850,0.853914,-0.394332,0.292736,0.994967,0.276064,0.999950
5.740000,0.508952,-0.029406,-0.253151,0.029184,0.846027,-0.400325,0.298582,0.994260,0.281139,0.999726
5.760000,0.508364,-0.054604,-0.252568,0.027632,0.838021,-0.406291,0.304452,0.993475,0.286260,0.999310
5.780000,0.507272,-0.081351,-0.252015,0.025447,0.829895,-0.412229,0.310334,0.992608,0.291420,0.998704
5.800000,0.505645,-0.109386,-0.251506,0.022869,0.821650,-0.418135,0.316220,0.991653,0.296609,0.997912
5.820000,0.503457,-0.138471,-0.251049,0.020121,0.813288,-0.424007,0.322101,0.990604,0.301820,0.996936
5.840000,0.500688,-0.168389,-0.250646,0.017415,0.804807,-0.429844,0.327966,0.989455,0.307044,0.995776
5.860000,0.497320,-0.198947,-0.250298,0.014944,0.796211,-0.435643,0.333807,0.988197,0.312272,0.994434
5.880000,0.493341,-0.229969,-0.249999,0.012888,0.787498,-0.441401,0.339612,0.986823,0.317495,0.992908
5.900000,0.488742,-0.261299,-0.249741,0.011409,0.778670,-0.447118,0.345372,0.985325,0.322704,0.991199
5.920000,0.483516,-0.292799,-0.249513,0.010652,0.769727,-0.452789,0.351076,0.983693,0.327891,0.989303
5.940000,0.477660,-0.324345,-0.249300,0.010747,0.760672,-0.458414,0.356715,0.981921,0.333046,0.987219
5.960000,0.471173,-0.355831,-0.249085,0.011807,0.751503,-0.463989,0.362276,0.979998,0.338160,0.984946
5.980000,0.464056,-0.387162,-0.248849,0.013928,0.742224,-0.469513,0.367751,0.977916,0.343224,0.982480
6.000000,0.456313,-0.418257,-0.248570,0.017189,0.732833,-0.474983,0.373129,0.975668,0.348229,0.979819
6.020000,0.447948,-0.449043,-0.248227,0.021656,0.723334,-0.480398,0.378401,0.973246,0.353167,0.976961
6.040000,0.438967,-0.479460,-0.247793,0.027377,0.713726,-0.485754,0.383556,0.970643,0.358031,0.973904
6.060000,0.429378,-0.509454,-0.247246,0.034386,0.704011,-0.491050,0.388587,0.967852,0.362812,0.970647
6.080000,0.419189,-0.538978,-0.246558,0.042703,0.694190,-0.496283,0.393486,0.964869,0.367505,0.967188
6.100000,0.408409,-0.567991,-0.245704,0.052336,0.684264,-0.501452,0.398245,0.961690,0.372104,0.963528
6.120000,0.397049,-0.596458,-0.244657,0.063277,0.674235,-0.506554,0.402859,0.958311,0.376604,0.959666
6.140000,0.385120,-0.624347,-0.243392,0.075511,0.664104,-0.511587,0.407323,0.954731,0.381002,0.955604
6.160000,0.372633,-0.651629,-0.241882,0.089009,0.653872,-0.516549,0.411634,0.950950,0.385295,0.951345
6.180000,0.359601,-0.678278,-0.240102,0.103732,0.643541,-0.521439,0.415789,0.946968,0.389481,0.946893
6.200000,0.346035,-0.704268,-0.238027,0.119635,0.633112,-0.526254,0.419788,0.942788,0.393561,0.942251
6.220000,0.331950,-0.729576,-0.235634,0.136663,0.622587,-0.530994,0.423631,0.938413,0.397536,0.937425
6.240000,0.317358,-0.754178,-0.232901,0.154754,0.611967,-0.535655,0.427320,0.933850,0.401408,0.932423
6.260000,0.302275,-0.778051,-0.229806,0.173842,0.601254,-0.540238,0.430859,0.929105,0.405180,0.927252
6.280000,0.286714,-0.801171,-0.226329,0.193854,0.590449,-0.544740,0.434253,0.924186,0.408860,0.921923
6.300000,0.270690,-0.823514,-0.222452,0.214714,0.579555,-0.549160,0.437509,0.919103,0.412452,0.916445
6.320000,0.254220,-0.845056,-0.218158,0.236343,0.568571,-0.553498,0.440634,0.913868,0.415964,0.910831
6.340000,0.237319,-0.865772,-0.213431,0.258658,0.557501,-0.557752,0.443639,0.908491,0.419407,0.905093
6.360000,0.220004,-0.885635,-0.208258,0.281578,0.546346,-0.561922,0.446534,0.902987,0.422789,0.899246
6.380000,0.202291,-0.904618,-0.202626,0.305016,0.535108,-0.566007,0.449330,0.897371,0.426123,0.893304
6.400000,0.184198,-0.922694,-0.196526,0.328890,0.523788,-0.570006,0.452043,0.891657,0.429420,0.887282
6.420000,0.165745,-0.939834,-0.189948,0.353114,0.512388,-0.573919,0.454685,0.885863,0.432694,0.881198
6.440000,0.146948,-0.956009,-0.182886,0.377605,0.500909,-0.577746,0.457273,0.880006,0.435960,0.875069
6.460000,0.127828,-0.971189,-0.175334,0.402280,0.489354,-0.581487,0.459823,0.874103,0.439232,0.868912
6.480000,0.108404,-0.985343,-0.167288,0.427058,0.477725,-0.585141,0.462352,0.868173,0.442526,0.862746
6.500000,0.088697,-0.998441,-0.158747,0.451859,0.466022,-0.588710,0.464877,0.862236,0.445859,0.856590
6.520000,0.068728,-1.010452,-0.149710,0.476606,0.454248,-0.592192,0.467418,0.856309,0.449246,0.850462
6.540000,0.048519,-1.021344,-0.140177,0.501222,0.442404,-0.595590,0.469992,0.850412,0.452704,0.844381
6.560000,0.028092,-1.031085,-0.130153,0.525635,0.430492,-0.598902,0.472619,0.844564,0.456251,0.838367
6.580000,0.007471,-1.039643,-0.119640,0.549771,0.418514,-0.602130,0.475317,0.838785,0.459903,0.832437
6.600000,-0.013322,-1.046988,-0.108645,0.573561,0.406471,-0.605274,0.478105,0.833093,0.463678,0.826610
6.620000,-0.034262,-1.053087,-0.097174,0.596937,0.394366,-0.608336,0.481003,0.827506,0.467591,0.820905
6.640000,-0.055324,-1.057909,-0.085235,0.619831,0.382199,-0.611315,0.484029,0.822042,0.471660,0.815339
6.660000,-0.076482,-1.061423,-0.072838,0.642180,0.369973,-0.614212,0.487200,0.816718,0.475899,0.809929
6.680000,-0.097710,-1.063597,-0.059995,0.663920,0.357689,-0.617029,0.490535,0.811552,0.480325,0.804691
6.700000,-0.118982,-1.064401,-0.046716,0.684988,0.345348,-0.619766,0.494050,0.806557,0.484951,0.799641
6.720000,-0.140270,-1.063806,-0.033017,0.705324,0.332953,-0.622424,0.497762,0.801751,0.489791,0.794794
6.740000,-0.161546,-1.061781,-0.018910,0.724865,0.320504,-0.625003,0.501686,0.797146,0.494859,0.790163
6.760000,-0.182782,-1.058298,-0.004413,0.743554,0.308004,-0.627506,0.505837,0.792755,0.500166,0.785760
6.780000,-0.203948,-1.053328,0.010458,0.761331,0.295454,-0.629931,0.510229,0.788591,0.505723,0.781599
6.800000,-0.225015,-1.046846,0.025685,0.778136,0.282855,-0.632281,0.514874,0.784664,0.511540,0.777688
6.820000,-0.245952,-1.038824,0.041248,0.793912,0.270210,-0.634555,0.519783,0.780983,0.517626,0.774039
6.840000,-0.266728,-1.029239,0.057126,0.808600,0.257519,-0.636755,0.524968,0.777559,0.523988,0.770659
6.860000,-0.287313,-1.018068,0.073298,0.822142,0.244784,-0.638881,0.530438,0.774398,0.530634,0.767556
6.880000,-0.307674,-1.005290,0.089741,0.834481,0.232006,-0.640933,0.536201,0.771506,0.537568,0.764736
6.900000,-0.327780,-0.990886,0.106430,0.845560,0.219187,-0.642911,0.542265,0.768889,0.544795,0.762204
6.920000,-0.347598,-0.974841,0.123342,0.855320,0.206329,-0.644817,0.548635,0.766551,0.552317,0.759965
6.940000,-0.367094,-0.957141,0.140448,0.863707,0.193433,-0.646650,0.555317,0.764495,0.560136,0.758019
6.960000,-0.386237,-0.937776,0.157722,0.870665,0.180500,-0.648410,0.562313,0.762723,0.568253,0.756371
6.980000,-0.404993,-0.916741,0.175135,0.876139,0.167532,-0.650098,0.569626,0.761236,0.576667,0.755019
7.000000,-0.423328,-0.894033,0.192658,0.880076,0.154530,-0.651713,0.577259,0.760034,0.585375,0.753964
7.020000,-0.441208,-0.869655,0.210260,0.882426,0.141495,-0.653254,0.585210,0.759116,0.594374,0.753204
7.040000,-0.458601,-0.843615,0.227908,0.883139,0.128430,-0.654722,0.593478,0.758479,0.603661,0.752736
7.060000,-0.475474,-0.815926,0.245571,0.882170,0.115336,-0.656117,0.602061,0.758120,0.613228,0.752556
7.080000,-0.491792,-0.786607,0.263214,0.879475,0.102214,-0.657436,0.610955,0.758034,0.623070,0.752660
7.100000,-0.507524,-0.755684,0.280804,0.875015,0.089065,-0.658681,0.620156,0.758217,0.633178,0.753041
7.120000,-0.522638,-0.723190,0.298304,0.868757,0.075891,-0.659850,0.629656,0.758662,0.643542,0.753692
7.140000,-0.537102,-0.689164,0.315679,0.860669,0.062694,-0.660941,0.639449,0.759361,0.654152,0.754605
7.160000,-0.550885,-0.653655,0.332893,0.850729,0.049475,-0.661955,0.649524,0.760305,0.664995,0.755770
7.180000,-0.563958,-0.616718,0.349907,0.838918,0.036236,-0.662890,0.659872,0.761485,0.676058,0.757177
7.200000,-0.576293,-0.578417,0.366686,0.825226,0.022978,-0.663745,0.670480,0.762890,0.687326,0.758813
7.220000,-0.587861,-0.538825,0.383190,0.809650,0.009704,-0.664518,0.681334,0.764506,0.698782,0.760664
7.240000,-0.598637,-0.498023,0.399383,0.792195,-0.003587,-0.665208,0.692419,0.766321,0.710410,0.762717
7.260000,-0.608598,-0.456102,0.415227,0.772876,-0.016891,-0.665814,0.703718,0.768320,0.722188,0.764954
7.280000,-0.617720,-0.413160,0.430685,0.751717,-0.030207,-0.666335,0.715211,0.770485,0.734098,0.767357
7.300000,-0.625983,-0.369305,0.445719,0.728751,-0.043534,-0.666768,0.726878,0.772799,0.746115,0.769908
7.320000,-0.633369,-0.324653,0.460294,0.704022,-0.056869,-0.667112,0.738696,0.775241,0.758216,0.772585
7.340000,-0.639862,-0.279328,0.474374,0.677587,-0.070212,-0.667365,0.750640,0.777791,0.770375,0.775366
7.360000,-0.645449,-0.233460,0.487926,0.649512,-0.083559,-0.667527,0.762683,0.780426,0.782564,0.778225
7.380000,-0.650118,-0.187189,0.500916,0.619874,-0.096909,-0.667594,0.774795,0.783119,0.794753,0.781136
7.400000,-0.653862,-0.140658,0.513314,0.588762,-0.110261,-0.667566,0.786946,0.785846,0.806912,0.784072
7.420000,-0.656675,-0.094017,0.525089,0.556278,-0.123613,-0.667442,0.799102,0.788577,0.819008,0.787002
7.440000,-0.658555,-0.047419,0.536215,0.522533,-0.136961,-0.667218,0.811228,0.791281,0.831006,0.789893
7.460000,-0.659504,-0.001021,0.546665,0.487648,-0.150306,-0.666895,0.823286,0.793928,0.842869,0.792714
7.480000,-0.659524,0.045021,0.556418,0.451755,-0.163644,-0.666470,0.835236,0.796482,0.854561,0.795427
7.500000,-0.658624,0.090547,0.565453,0.414996,-0.176973,-0.665943,0.847038,0.798908,0.866041,0.797997
7.520000,-0.656813,0.135401,0.573753,0.377520,-0.190292,-0.665312,0.858647,0.801170,0.877269,0.800384
7.540000,-0.654105,0.179428,0.581304,0.339483,-0.203598,-0.664577,0.870019,0.803228,0.888204,0.802550
7.560000,-0.650516,0.222479,0.588093,0.301047,-0.216890,-0.663735,0.881109,0.805043,0.898802,0.804453
7.580000,-0.646067,0.264411,0.594114,0.262378,-0.230164,-0.662788,0.891869,0.806574,0.909022,0.806052
7.600000,-0.640778,0.305086,0.599362,0.223646,-0.243420,-0.661734,0.902253,0.807780,0.918818,0.807304
7.620000,-0.634677,0.344379,0.603835,0.185019,-0.256655,-0.660573,0.912211,0.808620,0.928149,0.808167
7.640000,-0.627789,0.382173,0.607535,0.146665,-0.269866,-0.659306,0.921697,0.809051,0.936971,0.808600
7.660000,-0.620146,0.418364,0.610468,0.108751,-0.283052,-0.657932,0.930664,0.809033,0.945243,0.808560
7.680000,-0.611778,0.452861,0.612643,0.071435,-0.296211,-0.656452,0.939066,0.808526,0.952923,0.808008
7.700000,-0.602721,0.485586,0.614072,0.034873,-0.309340,-0.654868,0.946860,0.807491,0.959975,0.806905
7.720000,-0.593009,0.516478,0.614770,-0.000793,-0.322438,-0.653180,0.954004,0.805891,0.966361,0.805214
7.740000,-0.582680,0.545490,0.614754,-0.035428,-0.335501,-0.651389,0.960461,0.803693,0.972048,0.802902
7.760000,-0.571770,0.572592,0.614045,-0.068912,-0.348529,-0.649498,0.966196,0.800867,0.977009,0.799940
7.780000,-0.560318,0.597768,0.612667,-0.101136,-0.361519,-0.647509,0.971179,0.797384,0.981218,0.796301
7.800000,-0.548363,0.621020,0.610644,-0.132008,-0.374469,-0.645423,0.975385,0.793223,0.984655,0.791963
7.820000,-0.535942,0.642364,0.608004,-0.161453,-0.387377,-0.643245,0.978795,0.788366,0.987305,0.786910
7.840000,-0.523095,0.661830,0.604775,-0.189411,-0.400242,-0.640976,0.981396,0.782802,0.989160,0.781131
7.860000,-0.509859,0.679460,0.600987,-0.215839,-0.413062,-0.638620,0.983181,0.776523,0.990219,0.774621
7.880000,-0.496269,0.695311,0.596670,-0.240712,-0.425834,-0.636180,0.984151,0.769530,0.990484,0.767383
7.900000,-0.482363,0.709449,0.591856,-0.264022,-0.438558,-0.633660,0.984314,0.761830,0.989967,0.759423
7.920000,-0.468174,0.721947,0.586575,-0.285778,-0.451231,-0.631065,0.983686,0.753436,0.988687,0.750758
7.940000,-0.453735,0.732889,0.580860,-0.306003,-0.463852,-0.628396,0.982288,0.744368,0.986669,0.741408
7.960000,-0.439077,0.742363,0.574740,-0.324735,-0.476420,-0.625660,0.980152,0.734653,0.983945,0.731403
7.980000,-0.424230,0.750458,0.568245,-0.342025,-0.488934,-0.622860,0.977315,0.724325,0.980555,0.720777
8.000000,-0.409221,0.757270,0.561404,-0.357935,-0.501391,-0.619999,0.973821,0.713423,0.976543,0.709572
8.020000,-0.394076,0.762892,0.554246,-0.372536,-0.513791,-0.617083,0.969721,0.701992,0.971961,0.697834
8.040000,-0.378818,0.767417,0.546795,-0.385908,-0.526132,-0.614115,0.965070,0.690082,0.966865,0.685614
8.060000,-0.363469,0.770935,0.539077,-0.398137,-0.538415,-0.611099,0.959930,0.677749,0.961315,0.672970
8.080000,-0.348051,0.773533,0.531114,-0.409312,-0.550637,-0.608039,0.954365,0.665050,0.955376,0.659961
8.100000,-0.332580,0.775294,0.522928,-0.419526,-0.562797,-0.604939,0.948443,0.652047,0.949114,0.646649
8.120000,-0.317074,0.776294,0.514537,-0.428869,-0.574896,-0.601801,0.942234,0.638803,0.942598,0.633097
8.140000,-0.301548,0.776605,0.505960,-0.437434,-0.586932,-0.598629,0.935809,0.625381,0.935897,0.619371
8.160000,-0.286016,0.776291,0.497211,-0.445310,-0.598905,-0.595426,0.929239,0.611846,0.929081,0.605536
8.180000,-0.270490,0.775410,0.488305,-0.452583,-0.610813,-0.592195,0.922592,0.598261,0.922217,0.591655
8.200000,-0.254982,0.774015,0.479253,-0.459334,-0.622657,-0.588937,0.915939,0.584686,0.915371,0.577790
8.220000,-0.239502,0.772149,0.470067,-0.465638,-0.634436,-0.585655,0.909343,0.571183,0.908607,0.564002
8.240000,-0.224059,0.769852,0.460754,-0.471567,-0.646149,-0.582350,0.902866,0.557805,0.901985,0.550346
8.260000,-0.208662,0.767156,0.451323,-0.477182,-0.657796,-0.579023,0.896568,0.544607,0.895559,0.536874
8.280000,-0.193319,0.764088,0.441779,-0.482542,-0.669377,-0.575676,0.890499,0.531635,0.889381,0.523636
8.300000,-0.178037,0.760672,0.432128,-0.487695,-0.680890,-0.572308,0.884710,0.518933,0.883496,0.510675
8.320000,-0.162824,0.756923,0.422374,-0.492687,-0.692336,-0.568921,0.879242,0.506541,0.877947,0.498029
8.340000,-0.147685,0.752854,0.412521,-0.497553,-0.703715,-0.565514,0.874132,0.494492,0.872767,0.485733
8.360000,-0.132628,0.748476,0.402570,-0.502323,-0.715025,-0.562086,0.869412,0.482814,0.867987,0.473815
8.380000,-0.117659,0.743795,0.392523,-0.507022,-0.726267,-0.558638,0.865108,0.471532,0.863630,0.462298
8.400000,-0.102783,0.738813,0.382383,-0.511667,-0.737439,-0.555169,0.861241,0.460663,0.859716,0.451201
8.420000,-0.088006,0.733531,0.372149,-0.516273,-0.748543,-0.551677,0.857824,0.450222,0.856257,0.440538
8.440000,-0.073336,0.727949,0.361824,-0.520847,-0.759576,-0.548162,0.854868,0.440218,0.853262,0.430318
8.460000,-0.058777,0.722064,0.351407,-0.525391,-0.770540,-0.544622,0.852377,0.430656,0.850736,0.420546
8.480000,-0.044335,0.715871,0.340899,-0.529906,-0.781432,-0.541055,0.850352,0.421536,0.848676,0.411222
8.500000,-0.030018,0.709367,0.330301,-0.534387,-0.792253,-0.537460,0.848790,0.412857,0.847078,0.402344
8.520000,-0.015831,0.702545,0.319613,-0.538826,-0.803002,-0.533835,0.847681,0.404611,0.845935,0.393906
8.540000,-0.001780,0.695400,0.308837,-0.543212,-0.813679,-0.530178,0.847015,0.396790,0.845233,0.385898
8.560000,0.012128,0.687925,0.297972,-0.547533,-0.824283,-0.526488,0.846779,0.389382,0.844959,0.378309
8.580000,0.025887,0.680113,0.287022,-0.551772,-0.834812,-0.522763,0.846954,0.382372,0.845094,0.371124
8.600000,0.039489,0.671958,0.275986,-0.555913,-0.845268,-0.519001,0.847522,0.375746,0.845621,0.364328
8.620000,0.052928,0.663455,0.264868,-0.559937,-0.855648,-0.515200,0.848463,0.369485,0.846517,0.357903
8.640000,0.066197,0.654597,0.253669,-0.563824,-0.865952,-0.511358,0.849753,0.363570,0.847760,0.351830
8.660000,0.079289,0.645379,0.242393,-0.567554,-0.876179,-0.507473,0.851370,0.357981,0.849326,0.346090
8.680000,0.092197,0.635798,0.231042,-0.571106,-0.886328,-0.503545,0.853288,0.352699,0.851192,0.340662
8.700000,0.104913,0.625848,0.219620,-0.574459,-0.896399,-0.499571,0.855483,0.347701,0.853332,0.335526
8.720000,0.117430,0.615528,0.208131,-0.577590,-0.906391,-0.495549,0.857930,0.342968,0.855721,0.330661
8.740000,0.129740,0.604834,0.196579,-0.580479,-0.916302,-0.491480,0.860603,0.338477,0.858334,0.326045
8.760000,0.141837,0.593766,0.184969,-0.583105,-0.926131,-0.487360,0.863478,0.334209,0.861148,0.321659
8.780000,0.153712,0.582324,0.173307,-0.585448,-0.935878,-0.483190,0.866530,0.330142,0.864137,0.317482
8.800000,0.165359,0.570508,0.161598,-0.587487,-0.945542,-0.478968,0.869736,0.326257,0.867278,0.313494
8.820000,0.176769,0.558321,0.149848,-0.589205,-0.955121,-0.474693,0.873072,0.322535,0.870549,0.309678
8.840000,0.187935,0.545766,0.138064,-0.590584,-0.964615,-0.470365,0.876517,0.318958,0.873927,0.306014
8.860000,0.198851,0.532847,0.126253,-0.591606,-0.974023,-0.465983,0.880049,0.315508,0.877394,0.302487
8.880000,0.209507,0.519571,0.114420,-0.592257,-0.983342,-0.461546,0.883650,0.312170,0.880929,0.299081
8.900000,0.219899,0.505944,0.102575,-0.592523,-0.992573,-0.457055,0.887301,0.308929,0.884515,0.295780
8.920000,0.230018,0.491975,0.090725,-0.592391,-1.001714,-0.452508,0.890985,0.305771,0.888135,0.292572
8.940000,0.239857,0.477673,0.078877,-0.591851,-1.010764,-0.447907,0.894686,0.302682,0.891774,0.289444
8.960000,0.249411,0.463049,0.067040,-0.590892,-1.019723,-0.443250,0.898390,0.299653,0.895418,0.286385
8.980000,0.258672,0.448116,0.055222,-0.589506,-1.028588,-0.438539,0.902085,0.296672,0.899054,0.283386
9.000000,0.267634,0.432885,0.043432,-0.587688,-1.037358,-0.433773,0.905758,0.293731,0.902673,0.280437
9.020000,0.276292,0.417372,0.031678,-0.585431,-1.046034,-0.428952,0.909401,0.290822,0.906264,0.277531
9.040000,0.284639,0.401592,0.019970,-0.582734,-1.054613,-0.424078,0.913005,0.287938,0.909818,0.274662
9.060000,0.292671,0.385562,0.008315,-0.579593,-1.063094,-0.419150,0.916561,0.285073,0.913329,0.271825
9.080000,0.300382,0.369299,-0.003277,-0.576008,-1.071477,-0.414170,0.920064,0.282224,0.916791,0.269015
9.100000,0.307768,0.352821,-0.014797,-0.571980,-1.079761,-0.409138,0.923508,0.279385,0.920199,0.266228
9.120000,0.314825,0.336148,-0.026237,-0.567512,-1.087944,-0.404054,0.926890,0.276555,0.923548,0.263463
9.140000,0.321548,0.319299,-0.037587,-0.562607,-1.096025,-0.398919,0.930207,0.273731,0.926837,0.260717
9.160000,0.327934,0.302295,-0.048839,-0.557269,-1.104003,-0.393734,0.933455,0.270913,0.930062,0.257989
9.180000,0.333980,0.285157,-0.059984,-0.551505,-1.111878,-0.388501,0.936633,0.268098,0.933223,0.255279
9.200000,0.339683,0.267906,-0.071015,-0.545322,-1.119648,-0.383218,0.939741,0.265286,0.936318,0.252586
9.220000,0.345041,0.250564,-0.081921,-0.538727,-1.127312,-0.377889,0.942778,0.262479,0.939346,0.249912
9.240000,0.350052,0.233153,-0.092696,-0.531730,-1.134870,-0.372513,0.945744,0.259676,0.942309,0.247255
9.260000,0.354715,0.215695,-0.103330,-0.524341,-1.142320,-0.367091,0.948639,0.256878,0.945206,0.244619
9.280000,0.359029,0.198212,-0.113817,-0.516570,-1.149662,-0.361624,0.951465,0.254085,0.948038,0.242003
9.300000,0.362993,0.180726,-0.124148,-0.508428,-1.156894,-0.356113,0.954220,0.251300,0.950806,0.239409
9.320000,0.366608,0.163258,-0.134317,-0.499927,-1.164017,-0.350559,0.956908,0.248523,0.953510,0.236837
9.340000,0.369873,0.145831,-0.144315,-0.491081,-1.171028,-0.344962,0.959528,0.245754,0.956151,0.234290
9.360000,0.372790,0.128466,-0.154137,-0.481901,-1.177927,-0.339324,0.962081,0.242996,0.958730,0.231768
9.380000,0.375359,0.111182,-0.163775,-0.472402,-1.184714,-0.333646,0.964569,0.240249,0.961248,0.229273
9.400000,0.377583,0.094001,-0.173223,-0.462597,-1.191386,-0.327928,0.966992,0.237514,0.963705,0.226804
9.420000,0.379463,0.076942,-0.182475,-0.452501,-1.197945,-0.322171,0.969351,0.234790,0.966102,0.224364
9.440000,0.381001,0.060023,-0.191525,-0.442126,-1.204388,-0.316376,0.971646,0.232080,0.968439,0.221951
9.460000,0.382202,0.043264,-0.200368,-0.431489,-1.210716,-0.310544,0.973877,0.229383,0.970715,0.219567
9.480000,0.383067,0.026681,-0.208997,-0.420604,-1.216927,-0.304676,0.976045,0.226698,0.972931,0.217211
9.500000,0.383601,0.010291,-0.217409,-0.409485,-1.223020,-0.298773,0.978148,0.224026,0.975087,0.214882
9.520000,0.383807,-0.005890,-0.225599,-0.398148,-1.228996,-0.292835,0.980187,0.221366,0.977180,0.212581
9.540000,0.383689,-0.021847,-0.233562,-0.386606,-1.234853,-0.286863,0.982161,0.218718,0.979211,0.210307
9.560000,0.383252,-0.037566,-0.241294,-0.374874,-1.240590,-0.280859,0.984069,0.216080,0.981178,0.208058
9.580000,0.382501,-0.053033,-0.248792,-0.362968,-1.246207,-0.274823,0.985910,0.213451,0.983080,0.205833
9.600000,0.381440,-0.068238,-0.256051,-0.350901,-1.251703,-0.268756,0.987683,0.210830,0.984915,0.203631
9.620000,0.380075,-0.083168,-0.263069,-0.338688,-1.257079,-0.262659,0.989385,0.208216,0.986682,0.201450
9.640000,0.378412,-0.097812,-0.269843,-0.326342,-1.262332,-0.256533,0.991016,0.205607,0.988379,0.199288
9.660000,0.376456,-0.112162,-0.276370,-0.313878,-1.267462,-0.250379,0.992574,0.203000,0.990003,0.197142
9.680000,0.374212,-0.126208,-0.282647,-0.301308,-1.272470,-0.244198,0.994057,0.200395,0.991554,0.195012
9.700000,0.371688,-0.139942,-0.288673,-0.288646,-1.277354,-0.237992,0.995245,0.197789,0.993028,0.192894
9.720000,0.368889,-0.152850,-0.294446,-0.276410,-1.282114,-0.231762,0.996196,0.195180,0.994422,0.190786
9.740000,0.365832,-0.164574,-0.299975,-0.265001,-1.286749,-0.225510,0.996957,0.192567,0.995538,0.188686
9.760000,0.362541,-0.175341,-0.305275,-0.254256,-1.291259,-0.219241,0.997566,0.189947,0.996430,0.186593
9.780000,0.359034,-0.185337,-0.310360,-0.244045,-1.295644,-0.212956,0.998053,0.187323,0.997144,0.184506
9.800000,0.355327,-0.194707,-0.315241,-0.234265,-1.299903,-0.206657,0.998442,0.184695,0.997715,0.182427
9.820000,0.351433,-0.203568,-0.319926,-0.224830,-1.304036,-0.200346,0.998754,0.182066,0.998172,0.180357
9.840000,0.347362,-0.212016,-0.324422,-0.215672,-1.308043,-0.194024,0.999003,0.179441,0.998538,0.178299
9.860000,0.343122,-0.220122,-0.328736,-0.206738,-1.311924,-0.187693,0.999202,0.176822,0.998830,0.176256
9.880000,0.338719,-0.227946,-0.332871,-0.197981,-1.315678,-0.181353,0.999362,0.174213,0.999064,0.174231
9.900000,0.334160,-0.235532,-0.336830,-0.189367,-1.319305,-0.175006,0.999489,0.171619,0.999251,0.172225
9.920000,0.329450,-0.242917,-0.340618,-0.180864,-1.322805,-0.168651,0.999592,0.169040,0.999401,0.170240
9.940000,0.324591,-0.250127,-0.344235,-0.172449,-1.326178,-0.162289,0.999673,0.166481,0.999521,0.168279
9.960000,0.319589,-0.257183,-0.347684,-0.164101,-1.329424,-0.155921,0.999739,0.163942,0.999617,0.166342
9.980000,0.314445,-0.264099,-0.350966,-0.155803,-1.332542,-0.149547,0.999791,0.161427,0.999693,0.164431
10.000000,0.309163,-0.270887,-0.354082,-0.147541,-1.335533,-0.143168,0.999833,0.158935,0.999755,0.162545
10.020000,0.303745,-0.277553,-0.357033,-0.139304,-1.338396,-0.136783,0.999866,0.156469,0.999804,0.160685
10.040000,0.298194,-0.284101,-0.359819,-0.131080,-1.341132,-0.130393,0.999893,0.154028,0.999843,0.158850
10.060000,0.292512,-0.290533,-0.362440,-0.122863,-1.343740,-0.123998,0.999914,0.151612,0.999874,0.157040
10.080000,0.286702,-0.296851,-0.364898,-0.114645,-1.346220,-0.117599,0.999931,0.149221,0.999900,0.155254
10.100000,0.280764,-0.303051,-0.367191,-0.106418,-1.348572,-0.111195,0.999945,0.146855,0.999920,0.153490
10.120000,0.274703,-0.309132,-0.369319,-0.098179,-1.350796,-0.104787,0.999956,0.144513,0.999936,0.151748
10.140000,0.268521,-0.315090,-0.371283,-0.089922,-1.352891,-0.098375,0.999965,0.142193,0.999949,0.150026
10.160000,0.262219,-0.320921,-0.373081,-0.081643,-1.354859,-0.091958,0.999972,0.139895,0.999959,0.148322
10.180000,0.255801,-0.326619,-0.374714,-0.073339,-1.356698,-0.085538,0.999978,0.137618,0.999967,0.146634
10.200000,0.249268,-0.332179,-0.376181,-0.065008,-1.358409,-0.079114,0.999982,0.135359,0.999974,0.144960
10.220000,0.242625,-0.337595,-0.377481,-0.056645,-1.359991,-0.072686,0.999986,0.133117,0.999979,0.143298
10.240000,0.235873,-0.342860,-0.378614,-0.048250,-1.361445,-0.066255,0.999989,0.130890,0.999983,0.141646
10.260000,0.229016,-0.347967,-0.379579,-0.039820,-1.362770,-0.059820,0.999991,0.128676,0.999987,0.140001
10.280000,0.222056,-0.352910,-0.380375,-0.031353,-1.363966,-0.053382,0.999993,0.126474,0.999989,0.138361
10.300000,0.214998,-0.357681,-0.381002,-0.022849,-1.365034,-0.046940,0.999994,0.124281,0.999991,0.136723
10.320000,0.207844,-0.362273,-0.381459,-0.014306,-1.365973,-0.040495,0.999995,0.122094,0.999993,0.135085
10.340000,0.200599,-0.366679,-0.381745,-0.005724,-1.366783,-0.034047,0.999996,0.119912,0.999994,0.133444
10.360000,0.193265,-0.370889,-0.381860,0.002899,-1.367464,-0.027596,0.999997,0.117733,0.999996,0.131798
10.380000,0.185848,-0.374897,-0.381802,0.011563,-1.368016,-0.021141,0.999998,0.115554,0.999996,0.130143
10.400000,0.178350,-0.378693,-0.381570,0.020268,-1.368438,-0.014683,0.999998,0.113372,0.999997,0.128478
10.420000,0.170776,-0.382271,-0.381165,0.029015,-1.368732,-0.008223,0.999998,0.111186,0.999998,0.126800
10.440000,0.163130,-0.385622,-0.380585,0.037802,-1.368896,-0.001759,0.999999,0.108994,0.999998,0.125106
10.460000,0.155418,-0.388736,-0.379829,0.046631,-1.368932,0.004708,0.999999,0.106792,0.999930,0.123393
10.480000,0.147643,-0.391767,-0.378896,0.055661,-1.368837,0.011177,0.999999,0.104579,0.999602,0.121659
10.500000,0.139808,-0.395306,-0.377783,0.065499,-1.368614,0.017647,0.999999,0.102352,0.999046,0.119902
10.520000,0.131902,-0.399853,-0.376473,0.076707,-1.368261,0.024116,0.999975,0.100109,0.998284,0.118119
10.540000,0.123905,-0.405777,-0.374939,0.089744,-1.367779,0.030583,0.999609,0.097851,0.997339,0.116310
10.560000,0.115789,-0.412633,-0.373144,0.104287,-1.367167,0.037044,0.998943,0.095578,0.996235,0.114475
10.580000,0.107536,-0.420034,-0.371058,0.120043,-1.366426,0.043497,0.998011,0.093291,0.994991,0.112617
10.600000,0.099136,-0.427636,-0.368657,0.136733,-1.365556,0.049938,0.996844,0.090995,0.993628,0.110741
10.620000,0.090583,-0.435133,-0.365923,0.154100,-1.364557,0.056365,0.995473,0.088696,0.992163,0.108853
10.640000,0.081880,-0.442255,-0.362841,0.171900,-1.363430,0.062777,0.993926,0.086400,0.990613,0.106962
10.660000,0.073035,-0.448774,-0.359403,0.189910,-1.362175,0.069171,0.992229,0.084115,0.988994,0.105075
10.680000,0.064060,-0.454494,-0.355604,0.207925,-1.360791,0.075546,0.990407,0.081849,0.987318,0.103201
10.700000,0.054970,-0.459253,-0.351446,0.225760,-1.359280,0.081901,0.988482,0.079610,0.985599,0.101350
10.720000,0.045785,-0.462922,-0.346931,0.243246,-1.357642,0.088235,0.986475,0.077406,0.983848,0.099530
10.740000,0.036526,-0.465400,-0.342066,0.260234,-1.355878,0.094546,0.984404,0.075245,0.982074,0.097750
10.760000,0.027218,-0.466615,-0.336861,0.276594,-1.353987,0.100835,0.982288,0.073134,0.980286,0.096017
10.780000,0.017886,-0.466517,-0.331329,0.292211,-1.351970,0.107102,0.980141,0.071082,0.978493,0.094339
10.800000,0.008556,-0.465081,-0.325485,0.306987,-1.349828,0.113344,0.977977,0.069095,0.976700,0.092723
10.820000,-0.000746,-0.462302,-0.319345,0.320841,-1.347561,0.119564,0.975810,0.067179,0.974915,0.091176
10.840000,-0.009992,-0.458194,-0.312929,0.333708,-1.345170,0.125760,0.973652,0.065343,0.973142,0.089703
10.860000,-0.019156,-0.452786,-0.306254,0.345534,-1.342655,0.131932,0.971511,0.063591,0.971388,0.088311
10.880000,-0.028211,-0.446120,-0.299344,0.356280,-1.340016,0.138081,0.969398,0.061930,0.969655,0.087005
10.900000,-0.037134,-0.438254,-0.292218,0.365919,-1.337254,0.144207,0.967322,0.060367,0.967950,0.085790
10.920000,-0.045899,-0.429253,-0.284900,0.374435,-1.334370,0.150310,0.965288,0.058907,0.966275,0.084671
10.940000,-0.054484,-0.419191,-0.277411,0.381823,-1.331364,0.156391,0.963305,0.057555,0.964633,0.083653
10.960000,-0.062868,-0.408150,-0.269775,0.388085,-1.328236,0.162451,0.961378,0.056318,0.963030,0.082739
10.980000,-0.071031,-0.396216,-0.262013,0.393232,-1.324987,0.168488,0.959512,0.055200,0.961467,0.081934
11.000000,-0.078955,-0.383481,-0.254148,0.397283,-1.321617,0.174506,0.957712,0.054207,0.959947,0.081241
11.020000,-0.086625,-0.370038,-0.246203,0.400261,-1.318127,0.180502,0.955982,0.053344,0.958473,0.080665
11.040000,-0.094026,-0.355983,-0.238197,0.402197,-1.314517,0.186480,0.954324,0.052615,0.957049,0.080209
11.060000,-0.101145,-0.341409,-0.230153,0.403125,-1.310788,0.192438,0.952743,0.052026,0.955675,0.079876
11.080000,-0.107973,-0.326413,-0.222091,0.403081,-1.306939,0.198379,0.951240,0.051580,0.954355,0.079668
11.100000,-0.114502,-0.311088,-0.214029,0.402107,-1.302971,0.204302,0.949816,0.051283,0.953090,0.079589
11.120000,-0.120723,-0.295526,-0.205987,0.400245,-1.298885,0.210208,0.948474,0.051137,0.951882,0.079641
11.140000,-0.126634,-0.279816,-0.197982,0.397538,-1.294681,0.216099,0.947213,0.051147,0.950732,0.079827
11.160000,-0.132230,-0.264042,-0.190031,0.394033,-1.290359,0.221974,0.946035,0.051315,0.949642,0.080148
11.180000,-0.137511,-0.248287,-0.182151,0.389774,-1.285920,0.227836,0.944939,0.051646,0.948612,0.080605
11.200000,-0.142477,-0.232629,-0.174355,0.384808,-1.281363,0.233683,0.943924,0.052141,0.947643,0.081202
11.220000,-0.147129,-0.217140,-0.166659,0.379179,-1.276689,0.239518,0.942989,0.052802,0.946735,0.081937
11.240000,-0.151472,-0.201888,-0.159076,0.372932,-1.271899,0.245341,0.942132,0.053633,0.945888,0.082813
11.260000,-0.155510,-0.186936,-0.151617,0.366111,-1.266992,0.251152,0.941353,0.054634,0.945101,0.083830
11.280000,-0.159249,-0.172343,-0.144295,0.358758,-1.261969,0.256953,0.940647,0.055807,0.944374,0.084988
11.300000,-0.162696,-0.158161,-0.137120,0.350914,-1.256830,0.262744,0.940014,0.057152,0.943705,0.086287
11.320000,-0.165859,-0.144437,-0.130101,0.342619,-1.251575,0.268525,0.939449,0.058671,0.943094,0.087726
11.340000,-0.168747,-0.131212,-0.123249,0.333909,-1.246205,0.274298,0.938949,0.060362,0.942537,0.089304
11.360000,-0.171372,-0.118523,-0.116571,0.324823,-1.240719,0.280063,0.938511,0.062227,0.942034,0.091022
11.380000,-0.173742,-0.106400,-0.110074,0.315392,-1.235117,0.285820,0.938130,0.064264,0.941581,0.092876
11.400000,-0.175870,-0.094870,-0.103766,0.305651,-1.229401,0.291570,0.937802,0.066473,0.941177,0.094867
11.420000,-0.177768,-0.083951,-0.097653,0.295630,-1.223569,0.297314,0.937524,0.068852,0.940817,0.096992
11.440000,-0.179447,-0.073659,-0.091741,0.285357,-1.217623,0.303051,0.937290,0.071400,0.940499,0.099250
11.460000,-0.180920,-0.064004,-0.086034,0.274860,-1.211562,0.308782,0.937096,0.074115,0.940220,0.101637
11.480000,-0.182200,-0.054991,-0.080536,0.264165,-1.205387,0.314508,0.936937,0.076996,0.939975,0.104152
11.500000,-0.183300,-0.046619,-0.075253,0.253295,-1.199096,0.320227,0.936808,0.080039,0.939762,0.106793
11.520000,-0.184232,-0.038885,-0.070187,0.242274,-1.192692,0.325942,0.936704,0.083243,0.939575,0.109556
11.540000,-0.185010,-0.031779,-0.065342,0.231122,-1.186173,0.331650,0.936620,0.086604,0.939412,0.112440
11.560000,-0.185645,-0.025289,-0.060719,0.219861,-1.179540,0.337354,0.936551,0.090121,0.939267,0.115441
11.580000,-0.186151,-0.019397,-0.056322,0.208509,-1.172793,0.343051,0.936493,0.093790,0.939138,0.118557
11.600000,-0.186539,-0.014082,-0.052152,0.197085,-1.165932,0.348743,0.936441,0.097607,0.939019,0.121784
11.620000,-0.186821,-0.009320,-0.048210,0.185606,-1.158957,0.354429,0.936389,0.101571,0.938907,0.125120
11.640000,-0.187007,-0.005083,-0.044498,0.174089,-1.151868,0.360109,0.936334,0.105676,0.938798,0.128561
11.660000,-0.187109,-0.001340,-0.041016,0.162552,-1.144666,0.365782,0.936270,0.109921,0.938686,0.132106
11.680000,-0.187136,0.001944,-0.037765,0.151010,-1.137351,0.371448,0.936194,0.114301,0.938569,0.135751
11.700000,-0.187097,0.004804,-0.034745,0.139479,-1.129922,0.377106,0.936101,0.118813,0.938442,0.139493
11.720000,-0.187001,0.007280,-0.031956,0.127976,-1.122380,0.382756,0.935987,0.123454,0.938302,0.143330
11.740000,-0.186855,0.009413,-0.029396,0.116518,-1.114724,0.388397,0.935849,0.128219,0.938143,0.147258
11.760000,-0.186667,0.011246,-0.027066,0.105119,-1.106956,0.394029,0.935683,0.133106,0.937964,0.151276
11.780000,-0.186442,0.012824,-0.024963,0.093799,-1.099076,0.399651,0.935486,0.138110,0.937760,0.155381
11.800000,-0.186185,0.014195,-0.023087,0.082573,-1.091083,0.405261,0.935254,0.143229,0.937528,0.159570
11.820000,-0.185901,0.015404,-0.021436,0.071461,-1.082978,0.410860,0.934984,0.148458,0.937264,0.163841
11.840000,-0.185593,0.016501,-0.020007,0.060481,-1.074760,0.416446,0.934675,0.153793,0.936965,0.168192
11.860000,-0.185263,0.017536,-0.018797,0.049653,-1.066432,0.422018,0.934322,0.159232,0.936629,0.172620
11.880000,-0.184913,0.018558,-0.017804,0.038997,-1.057991,0.427575,0.933924,0.164771,0.936252,0.177124
11.900000,-0.184541,0.019617,-0.017024,0.028536,-1.049440,0.433117,0.933480,0.170406,0.935832,0.181702
11.920000,-0.184149,0.020765,-0.016453,0.018291,-1.040777,0.438641,0.932986,0.176133,0.935367,0.186351
11.940000,-0.183734,0.022050,-0.016087,0.008286,-1.032005,0.444148,0.932441,0.181949,0.934853,0.191071
11.960000,-0.183293,0.023524,-0.015922,-0.001453,-1.023122,0.449635,0.931843,0.187851,0.934289,0.195860
11.980000,-0.182822,0.025234,-0.015951,-0.010902,-1.014129,0.455102,0.931192,0.193835,0.933672,0.200716
12.000000,-0.182318,0.027231,-0.016169,-0.020033,-1.005027,0.460548,0.930486,0.199897,0.933001,0.205637
12.020000,-0.181773,0.029560,-0.016570,-0.028818,-0.995816,0.465971,0.929723,0.206034,0.932273,0.210622
12.040000,-0.181182,0.032269,-0.017146,-0.037228,-0.986496,0.471370,0.928904,0.212243,0.931488,0.215671
12.060000,-0.180536,0.035401,-0.017890,-0.045234,-0.977069,0.476743,0.928027,0.218519,0.930642,0.220781
12.080000,-0.179828,0.039001,-0.018795,-0.052805,-0.967534,0.482090,0.927090,0.224860,0.929736,0.225952
12.100000,-0.179048,0.043109,-0.019851,-0.059909,-0.957892,0.487408,0.926095,0.231261,0.928767,0.231183
12.120000,-0.178186,0.047765,-0.021049,-0.066513,-0.948144,0.492698,0.925040,0.237720,0.927734,0.236472
12.140000,-0.177231,0.053006,-0.022380,-0.072585,-0.938290,0.497956,0.923924,0.244232,0.926636,0.241818
12.160000,-0.176171,0.058866,-0.023831,-0.078092,-0.928331,0.503183,0.922748,0.250793,0.925472,0.247220
12.180000,-0.174994,0.065377,-0.025393,-0.083000,-0.918268,0.508376,0.921510,0.257401,0.924241,0.252678
12.200000,-0.173686,0.072569,-0.027053,-0.087275,-0.908100,0.513534,0.920211,0.264051,0.922941,0.258189
12.220000,-0.172235,0.080468,-0.028799,-0.090884,-0.897829,0.518655,0.918850,0.270739,0.921573,0.263754
12.240000,-0.170625,0.089096,-0.030616,-0.093794,-0.887456,0.523739,0.917426,0.277462,0.920133,0.269371
12.260000,-0.168843,0.098473,-0.032492,-0.095971,-0.876981,0.528784,0.915940,0.284216,0.918623,0.275038
12.280000,-0.166874,0.108616,-0.034412,-0.097384,-0.866406,0.533788,0.914391,0.290997,0.917041,0.280755
12.300000,-0.164702,0.119537,-0.036359,-0.098001,-0.855730,0.538751,0.912778,0.297800,0.915386,0.286520
12.320000,-0.162311,0.131244,-0.038319,-0.097791,-0.844955,0.543669,0.911102,0.304622,0.913658,0.292333
12.340000,-0.159686,0.143742,-0.040275,-0.096727,-0.834082,0.548543,0.909361,0.311458,0.911855,0.298191
12.360000,-0.156811,0.157032,-0.042210,-0.094781,-0.823111,0.553371,0.907555,0.318304,0.909977,0.304093
12.380000,-0.153670,0.171110,-0.044105,-0.091928,-0.812043,0.558151,0.905683,0.325157,0.908023,0.310038
12.400000,-0.150248,0.185967,-0.045944,-0.088143,-0.800880,0.562881,0.903746,0.332012,0.905992,0.316024
12.420000,-0.146529,0.201592,-0.047707,-0.083408,-0.789623,0.567561,0.901742,0.338864,0.903884,0.322049
12.440000,-0.142497,0.217966,-0.049375,-0.077702,-0.778271,0.572189,0.899670,0.345709,0.901698,0.328112
12.460000,-0.138138,0.235069,-0.050929,-0.071011,-0.766828,0.576764,0.897531,0.352543,0.899434,0.334211
12.480000,-0.133436,0.252873,-0.052349,-0.063323,-0.755292,0.581283,0.895322,0.359362,0.897089,0.340343
12.500000,-0.128379,0.271348,-0.053616,-0.054627,-0.743667,0.585747,0.893044,0.366162,0.894665,0.346507
12.520000,-0.122952,0.290457,-0.054708,-0.044920,-0.731952,0.590152,0.890695,0.372938,0.892161,0.352701
12.540000,-0.117143,0.310161,-0.055607,-0.034197,-0.720149,0.594499,0.888275,0.379686,0.889576,0.358923
12.560000,-0.110940,0.330413,-0.056291,-0.022463,-0.708259,0.598785,0.885784,0.386403,0.886910,0.365171
12.580000,-0.104331,0.351164,-0.056740,-0.009721,-0.696283,0.603010,0.883220,0.393084,0.884162,0.371442
12.600000,-0.097308,0.372360,-0.056934,0.004016,-0.684223,0.607171,0.880582,0.399727,0.881333,0.377735
12.620000,-0.089861,0.393941,-0.056854,0.018735,-0.672079,0.611268,0.877872,0.406327,0.878423,0.384047
12.640000,-0.081982,0.415846,-0.056479,0.034416,-0.659854,0.615300,0.875088,0.412881,0.875432,0.390377
12.660000,-0.073665,0.438006,-0.055791,0.051036,-0.647548,0.619265,0.872229,0.419387,0.872361,0.396722
12.680000,-0.064905,0.460353,-0.054770,0.068568,-0.635163,0.623161,0.869297,0.425842,0.869210,0.403082
12.700000,-0.055698,0.482810,-0.053399,0.086977,-0.622700,0.626988,0.866292,0.432244,0.865982,0.409454
